step;q
0;0.191758
1;0.340037
2;0.399037
3;0.415122
4;0.418996
5;0.426557
6;0.430932
7;0.430932
8;0.432319
9;0.432319
