step;q
-1;0.432319
0;0.434758
1;0.43563
2;0.43563
