step;q
0;0.183159
1;0.355953
2;0.388923
3;0.404055
4;0.409353
5;0.412485
6;0.416346
7;0.416346
8;0.419781
9;0.420642
10;0.420642
