step;q
0;0.486763
1;0.681405
2;0.702746
3;0.715061
4;0.717841
5;0.718747
6;0.718747
